{"cameraMode":{"drawMode":0,"name":"Shaded","section":"Shading Mode"},"sceneLighting":false,"audioPlay":false,"sceneViewState":{"m_AlwaysRefresh":false,"showFog":true,"showSkybox":false,"showFlares":true,"showImageEffects":true,"showParticleSystems":true,"showVisualEffectGraphs":true,"m_FxEnabled":true},"in2DMode":false,"pivot":{"x":-13.666000366210938,"y":8.307999610900879,"z":2.702582597732544},"rotation":{"x":-0.009367132559418679,"y":0.9534636735916138,"z":-0.29997289180755618,"w":-0.029755236580967904},"size":0.42029932141304018,"orthographic":false}