{"cameraMode":{"drawMode":0,"name":"Shaded","section":"Shading Mode"},"sceneLighting":false,"audioPlay":false,"sceneViewState":{"m_AlwaysRefresh":false,"showFog":true,"showSkybox":false,"showFlares":true,"showImageEffects":true,"showParticleSystems":true,"showVisualEffectGraphs":true,"m_FxEnabled":true},"in2DMode":false,"pivot":{"x":0.01923348195850849,"y":0.05665815994143486,"z":1.3218967914581299},"rotation":{"x":0.04811801016330719,"y":0.8261154294013977,"z":0.556955873966217,"w":-0.07139419764280319},"size":2.9957873821258547,"orthographic":false}