{"cameraMode":{"drawMode":0,"name":"Shaded","section":"Shading Mode"},"sceneLighting":false,"audioPlay":false,"sceneViewState":{"m_AlwaysRefresh":false,"showFog":true,"showSkybox":false,"showFlares":true,"showImageEffects":true,"showParticleSystems":true,"showVisualEffectGraphs":true,"m_FxEnabled":true},"in2DMode":false,"pivot":{"x":-11.778018951416016,"y":8.308265686035157,"z":2.787276268005371},"rotation":{"x":0.10133584588766098,"y":0.8517740964889526,"z":-0.17915961146354676,"w":0.48183193802833559},"size":0.27073410153388979,"orthographic":false}