{"cameraMode":{"drawMode":0,"name":"Shaded","section":"Shading Mode"},"sceneLighting":false,"audioPlay":false,"sceneViewState":{"m_AlwaysRefresh":false,"showFog":true,"showSkybox":false,"showFlares":true,"showImageEffects":true,"showParticleSystems":true,"showVisualEffectGraphs":true,"m_FxEnabled":true},"in2DMode":false,"pivot":{"x":-13.751285552978516,"y":8.195891380310059,"z":2.9287896156311037},"rotation":{"x":-0.08311759680509567,"y":0.5424923300743103,"z":-0.054051924496889117,"w":-0.8341984152793884},"size":1.0464504957199097,"orthographic":false}